RelativePdf,Pages,Images,TextBytes,Title
"Product Screenshots\1.pdf",1,0,77,"2025-09-08 19_53_00-ILPA dataset onboarding and EDP demo"
"Product Screenshots\10.pdf",1,0,77,"2025-09-08 20_01_07-ILPA dataset onboarding and EDP demo"
"Product Screenshots\11.pdf",1,0,77,"2025-09-08 20_02_11-ILPA dataset onboarding and EDP demo"
"Product Screenshots\12.pdf",1,0,77,"2025-09-08 20_02_58-ILPA dataset onboarding and EDP demo"
"Product Screenshots\13.pdf",1,0,77,"2025-09-08 20_03_41-ILPA dataset onboarding and EDP demo"
"Product Screenshots\15.pdf",1,0,77,"2025-09-08 20_04_16-ILPA dataset onboarding and EDP demo"
"Product Screenshots\16.pdf",1,0,77,"2025-09-08 20_04_41-ILPA dataset onboarding and EDP demo"
"Product Screenshots\17.pdf",1,0,77,"2025-09-08 20_05_25-ILPA dataset onboarding and EDP demo"
"Product Screenshots\18.pdf",1,0,77,"2025-09-08 20_06_12-ILPA dataset onboarding and EDP demo"
"Product Screenshots\19.pdf",1,0,77,"2025-09-08 20_06_44-ILPA dataset onboarding and EDP demo"
"Product Screenshots\2.pdf",1,0,77,"2025-09-08 19_53_41-ILPA dataset onboarding and EDP demo"
"Product Screenshots\20.pdf",1,0,77,"2025-09-08 20_07_15-ILPA dataset onboarding and EDP demo"
"Product Screenshots\21.pdf",1,0,77,"2025-09-08 20_07_50-ILPA dataset onboarding and EDP demo"
"Product Screenshots\22.pdf",1,0,77,"2025-09-08 20_08_23-ILPA dataset onboarding and EDP demo"
"Product Screenshots\23.pdf",1,0,77,"2025-09-08 20_08_57-ILPA dataset onboarding and EDP demo"
"Product Screenshots\24.pdf",1,0,77,"2025-09-08 20_10_08-ILPA dataset onboarding and EDP demo"
"Product Screenshots\25.pdf",1,0,77,"2025-09-08 20_10_40-ILPA dataset onboarding and EDP demo"
"Product Screenshots\26.pdf",1,0,77,"2025-09-08 20_12_08-ILPA dataset onboarding and EDP demo"
"Product Screenshots\27.pdf",1,0,77,"2025-09-08 20_12_41-ILPA dataset onboarding and EDP demo"
"Product Screenshots\28.pdf",1,0,77,"2025-09-08 20_13_21-ILPA dataset onboarding and EDP demo"
"Product Screenshots\29.pdf",1,0,77,"2025-09-08 20_13_52-ILPA dataset onboarding and EDP demo"
"Product Screenshots\3.pdf",1,0,77,"2025-09-08 19_54_29-ILPA dataset onboarding and EDP demo"
"Product Screenshots\30.pdf",1,0,77,"2025-09-08 20_14_47-ILPA dataset onboarding and EDP demo"
"Product Screenshots\31.pdf",1,0,77,"2025-09-08 20_15_13-ILPA dataset onboarding and EDP demo"
"Product Screenshots\32.pdf",1,0,77,"2025-09-08 20_17_32-ILPA dataset onboarding and EDP demo"
"Product Screenshots\33.pdf",1,0,77,"2025-09-08 20_18_09-ILPA dataset onboarding and EDP demo"
"Product Screenshots\34.pdf",1,0,77,"2025-09-08 20_18_35-ILPA dataset onboarding and EDP demo"
"Product Screenshots\35.pdf",1,0,77,"2025-09-08 20_19_32-ILPA dataset onboarding and EDP demo"
"Product Screenshots\36.pdf",1,0,77,"2025-09-08 20_19_58-ILPA dataset onboarding and EDP demo"
"Product Screenshots\4.pdf",1,0,77,"2025-09-08 19_56_17-ILPA dataset onboarding and EDP demo"
"Product Screenshots\5.pdf",1,0,77,"2025-09-08 19_57_12-ILPA dataset onboarding and EDP demo"
"Product Screenshots\6.pdf",1,0,77,"2025-09-08 19_57_43-ILPA dataset onboarding and EDP demo"
"Product Screenshots\7.pdf",1,0,77,"2025-09-08 19_58_31-ILPA dataset onboarding and EDP demo"
"Product Screenshots\8.pdf",1,0,77,"2025-09-08 19_59_22-ILPA dataset onboarding and EDP demo"
"Product Screenshots\9.pdf",1,0,77,"2025-09-08 20_00_09-ILPA dataset onboarding and EDP demo"
"Product.pdf",13,0,12978,"Untitled document"
"Product Screenshots\1.pdf",1,1,77,"2025-09-08 19_53_00-ILPA dataset onboarding and EDP demo"
"Product Screenshots\10.pdf",1,1,77,"2025-09-08 20_01_07-ILPA dataset onboarding and EDP demo"
"Product Screenshots\11.pdf",1,1,77,"2025-09-08 20_02_11-ILPA dataset onboarding and EDP demo"
"Product Screenshots\12.pdf",1,1,77,"2025-09-08 20_02_58-ILPA dataset onboarding and EDP demo"
"Product Screenshots\13.pdf",1,1,77,"2025-09-08 20_03_41-ILPA dataset onboarding and EDP demo"
"Product Screenshots\15.pdf",1,1,77,"2025-09-08 20_04_16-ILPA dataset onboarding and EDP demo"
"Product Screenshots\16.pdf",1,1,77,"2025-09-08 20_04_41-ILPA dataset onboarding and EDP demo"
"Product Screenshots\17.pdf",1,1,77,"2025-09-08 20_05_25-ILPA dataset onboarding and EDP demo"
"Product Screenshots\18.pdf",1,1,77,"2025-09-08 20_06_12-ILPA dataset onboarding and EDP demo"
"Product Screenshots\19.pdf",1,1,77,"2025-09-08 20_06_44-ILPA dataset onboarding and EDP demo"
"Product Screenshots\2.pdf",1,1,77,"2025-09-08 19_53_41-ILPA dataset onboarding and EDP demo"
"Product Screenshots\20.pdf",1,1,77,"2025-09-08 20_07_15-ILPA dataset onboarding and EDP demo"
"Product Screenshots\21.pdf",1,1,77,"2025-09-08 20_07_50-ILPA dataset onboarding and EDP demo"
"Product Screenshots\22.pdf",1,1,77,"2025-09-08 20_08_23-ILPA dataset onboarding and EDP demo"
"Product Screenshots\23.pdf",1,1,77,"2025-09-08 20_08_57-ILPA dataset onboarding and EDP demo"
"Product Screenshots\24.pdf",1,1,77,"2025-09-08 20_10_08-ILPA dataset onboarding and EDP demo"
"Product Screenshots\25.pdf",1,1,77,"2025-09-08 20_10_40-ILPA dataset onboarding and EDP demo"
"Product Screenshots\26.pdf",1,1,77,"2025-09-08 20_12_08-ILPA dataset onboarding and EDP demo"
"Product Screenshots\27.pdf",1,1,77,"2025-09-08 20_12_41-ILPA dataset onboarding and EDP demo"
"Product Screenshots\28.pdf",1,1,77,"2025-09-08 20_13_21-ILPA dataset onboarding and EDP demo"
"Product Screenshots\29.pdf",1,1,77,"2025-09-08 20_13_52-ILPA dataset onboarding and EDP demo"
"Product Screenshots\3.pdf",1,1,77,"2025-09-08 19_54_29-ILPA dataset onboarding and EDP demo"
"Product Screenshots\30.pdf",1,1,77,"2025-09-08 20_14_47-ILPA dataset onboarding and EDP demo"
"Product Screenshots\31.pdf",1,1,77,"2025-09-08 20_15_13-ILPA dataset onboarding and EDP demo"
"Product Screenshots\32.pdf",1,1,77,"2025-09-08 20_17_32-ILPA dataset onboarding and EDP demo"
"Product Screenshots\33.pdf",1,1,77,"2025-09-08 20_18_09-ILPA dataset onboarding and EDP demo"
"Product Screenshots\34.pdf",1,1,77,"2025-09-08 20_18_35-ILPA dataset onboarding and EDP demo"
"Product Screenshots\35.pdf",1,1,77,"2025-09-08 20_19_32-ILPA dataset onboarding and EDP demo"
"Product Screenshots\36.pdf",1,1,77,"2025-09-08 20_19_58-ILPA dataset onboarding and EDP demo"
"Product Screenshots\4.pdf",1,1,77,"2025-09-08 19_56_17-ILPA dataset onboarding and EDP demo"
"Product Screenshots\5.pdf",1,1,77,"2025-09-08 19_57_12-ILPA dataset onboarding and EDP demo"
"Product Screenshots\6.pdf",1,1,77,"2025-09-08 19_57_43-ILPA dataset onboarding and EDP demo"
"Product Screenshots\7.pdf",1,1,77,"2025-09-08 19_58_31-ILPA dataset onboarding and EDP demo"
"Product Screenshots\8.pdf",1,1,77,"2025-09-08 19_59_22-ILPA dataset onboarding and EDP demo"
"Product Screenshots\9.pdf",1,1,77,"2025-09-08 20_00_09-ILPA dataset onboarding and EDP demo"
"Product.pdf",13,0,12978,"Untitled document"
